<?xml version="1.0" encoding="UTF-8" standalone="yes"?>
<addon id="plugin.video.imperiotuga" name="Imperio Tuga" version="1.0" provider-name="Imperio Tuga">
  <requires>
  </requires>
  <extension point="xbmc.python.pluginsource" 
			library="player.py">
    <provides>video</provides>
  </extension>
  <extension point="xbmc.addon.metadata">
    <summary lang="en">Imperio Tuga</summary>
    <description lang="en">Addon Imperio Tuga TV</description>
    <disclaimer lang="en">Pega, Ah, Mama....</disclaimer>
    <language>en</language>
    <platform>all</platform>
    <license>MIT</license>
    <forum></forum>
    <source></source>
  </extension>
</addon>
